amenity,name,city,lon,lat
hospital,Eastern State Hospital,Medical Lake,-13101630.66,6036133.002
hospital,Madigan Army Medical Center,Tacoma,-13642456.31,5959829.819
hospital,PeaceHealth United General Medical Center,Sedro-Woolley,-13611737.44,6189786.273
hospital,Mid-Valley Hospital ,Omak,-13307858.39,6173084.943
hospital,St Joseph Medical Center ,Tacoma,-13630868.48,5982318.898
hospital,Mason General Hospital ,Shelton,-13705033.98,5979023.474
hospital,Arbor Health,Morton,-13612186.79,5869848.076
hospital,Snoqualmie Valley Health,Snoqualmie,-13568256.89,6026164.42
hospital,Naval Hospital - Bremerton,Bremerton,-13657962.04,6039739.43
hospital,Jonathan M. Wainwright Memorial VA Medical Center,Walla Walla,-13175608.32,5788935.349
hospital,Lake Chelan Health,Chelan,-13359408.97,6081102.04
hospital,North Valley Hospital ,Tonasket,-13295858.74,6225291.19
hospital,Ocean Beach Hospital,Ilwaco,-13808362.5,5830398.019
hospital,Willapa Harbor Hospital,South Bend,-13782721.21,5887210.469
hospital,Whitman Hospital,Colfax,-13066242.09,5920706.343
hospital,Skyline Health,White Salmon,-13522037.62,5735971.367
hospital,American Lake VA Medical Center,Tacoma,-13645375.76,5963859.323
hospital,Providence Holy Family Hospital ,Spokane,-13069656.85,6058703.432
hospital,Odessa Memorial Healthcare Center,Odessa,-13211675.97,5996301.113
hospital,Othello Community Hospital ,Othello,-13264303.03,5914436.276
hospital,PeaceHealth St. John Medical Center ,Longview,-13685812.92,5801317.759
hospital,Skagit Valley Hospital ,Mount Vernon,-13617050.19,6176657.16
hospital,Providence St. Joseph's Hospital,Chewelah,-13103506.76,6153189.569
hospital,Confluence Health Hospital Central Campus,Wenatchee,-13394075.85,6008696.687
hospital,East Adams Rural Healthcare,Ritzville,-13177098.14,5961882.563
hospital,Trios Southridge Hospital,Kennewick,-13268454.04,5808864.052
hospital,Kittitas Valley Healthcare,Ellensburg,-13418217.24,5939967.735
hospital,Klickitat Valley Health,Goldendale,-13448630.8,5751579.67
hospital,Lourdes Medical Center,Pasco,-13257637.74,5818092.561
hospital,Pullman Regional Hospital,Pullman,-13043279.12,5895273.489
hospital,Providence St. Mary Medical Center ,Walla Walla,-13173904.43,5790326.859
hospital,Multicare Deaconess Hospital ,Spokane,-13071507.84,6049147.016
hospital,Providence Sacred Heart Medical Center & Childrens Hospital,Spokane,-13070359.47,6048642.638
hospital,Shriners Hospital for Children,Spokane,-13071765.92,6048972.697
hospital,PeaceHealth Southwest Medical Center ,Vancouver,-13645624.11,5720367.976
hospital,Swedish First Hill,Seattle,-13616780.57,6041995.202
hospital,Multicare Valley Hospital ,Spokane Valley,-13050592.93,6052255.486
hospital,Mann-Grandstaff VA Medical Center,Spokane,-13077557.29,6057498.895
hospital,Providence St. Luke’s Rehabilitation Medical Center,Spokane,-13069919.55,6048659.553
hospital,MultiCare Auburn Medical Center,Auburn,-13606474.02,5992643.201
hospital,Seattle Children's,Seattle,-13612379.21,6050900.682
hospital,Astria Toppenish Hospital ,Toppenish,-13393633.58,5839977.836
hospital,UW Medicine - UW Medical Center Montlake ,Seattle,-13615404.61,6048965.381
hospital,Cascade Valley Hospital,Arlington,-13594218.87,6138342.062
hospital,Providence Regional Medical Center Everett,Everett,-13603877.35,6106837.159
hospital,EvergreenHealth,Kirkland,-13600837.4,6059718.715
hospital,Ferry County Hospital,Republic,-13217119.09,6216193.524
hospital,UW Medicine - Valley Medical Center,Renton,-13604796.39,6014648.58
hospital,Navos,Seattle,-13621788.62,6029795.75
hospital,Swedish Edmonds,Edmonds,-13618198.33,6074179.251
hospital,Western State Hospital,Tacoma,-13643955.21,5971229.159
hospital,Three Rivers Hospital ,Brewster,-13334141.7,6124545.297
hospital,St. Michael Medical Center,Silverdale,-13656163.71,6049740.469
hospital,Naval Hospital Oak Harbor,Oak Harbor,-13656810.14,6163013.275
hospital,Coulee Medical Center,Grand Coulee,-13247797.89,6097248.256
hospital,Prosser Memorial Health,Prosser,-13332072.74,5813757.511
hospital,Providence Centralia Hospital ,Centralia,-13690989.93,5895116.24
hospital,Quincy Valley Medical Center,Quincy,-13343663.9,5979845.703
hospital,Confluence Health Hospital Mares Campus,Wenatchee,-13394304.73,6013126.419
hospital,Newport Hospital & Health Services,Newport,-13029857.1,6137257.224
hospital,Garfield County Hospital District,Pomeroy,-13091500.31,5856878.501
hospital,Cascade Medical,Leavenworth,-13431897.34,6039649.215
hospital,Columbia Basin Hospital,Ephrata,-13307886.2,5993574.899
hospital,Dayton General Hospital,Dayton,-13132388.59,5830506.073
hospital,Forks Community Hospital,Forks,-13847319.55,6097910.315
hospital,Harbor Regional Health,Aberdeen,-13786605.68,5938685.449
hospital,Island Health - Main Campus,Anacortes,-13649513.59,6190767.844
hospital,Jefferson Healthcare Medical Center,Port Townsend,-13668839.37,6124514.832
hospital,Kadlec Regional Medical Center,Richland,-13278406.6,5825549.892
hospital,Lincoln Hospital,Davenport,-13151881.29,6050133.702
hospital,Providence Mount Carmel Hospital,Colville,-13123760.73,6197279.372
hospital,Olympic Medical Center,Port Angeles,-13738497.97,6126100.757
hospital,PeaceHealth St. Joseph Medical Center,Bellingham,-13633652.75,6236485.018
hospital,Samaritan Healthcare,Moses Lake,-13276540.08,5963018.725
hospital,Astria Sunnyside Hospital ,Sunnyside,-13359082.71,5832178.262
hospital,Tri-State Health,Clarkston,-13030431.68,5845144.809
hospital,MultiCare Mary Bridge Children's Hospital,Tacoma,-13631587.52,5984569.959
hospital,WhidbeyHealth,Coupeville,-13657156.79,6142513.113
hospital,Virginia Mason Medical Center,Seattle,-13617487.76,6042022.22
hospital,MultiCare Capital Medical Center,Olympia,-13686930.3,5949051.636
hospital,Lourdes Counseling Center,Richland,-13278334.41,5825837.254
hospital,Swedish Ballard,Seattle,-13623229.16,6051694.968
hospital,VA Puget Sound Health Care,Seattle,-13615267.14,6034497.211
hospital,UW Medicine - Harborview Medical Center,Seattle,-13617044.16,6041202.497
hospital,UW Medicine - UW Medical Center Northwest ,Seattle,-13618698.63,6059297.353
hospital,Overlake Medical Center ,Bellevue,-13601814.12,6043948.756
hospital,MultiCare Yakima Memorial,Yakima,-13419336.03,5876013.232
hospital,Fairfax Behavioral Health - Kirkland,Kirkland,-13603717.49,6060253.329
hospital,EvergreenHealth Monroe,Monroe,-13579842.38,6084295.52
hospital,MultiCare Good Samaritan Hospital,Puyallup,-13613208.21,5971370.008
hospital,Swedish Cherry Hill,Seattle,-13615553.48,6041839.987
hospital,St. Elizabeth Hospital,Enumclaw,-13579624.77,5976285.178
hospital,Kaiser Permanente - Central Hospital,Seattle,-13615716.02,6043864.615
hospital,St. Anne Hospital,Burien,-13619184.09,6017061.465
hospital,Providence St. Peter Hospital ,Olympia,-13675308.5,5950719.825
hospital,St. Clare Hospital,Lakewood,-13636864.71,5967297.865
hospital,St. Francis Hospital ,Federal Way,-13617423.03,5989981.348
hospital,Legacy Salmon Creek Medical Center ,Vancouver,-13653139.8,5735748.819
hospital,MultiCare Allenmore Hospital,Tacoma,-13634528.63,5981606.511
hospital,St. Anthony Hospital,Gig Harbor,-13649277.97,6001531.241
hospital,Swedish Issaquah,Issaquah,-13583411.29,6029964.973
hospital,MultiCare Tacoma General Hospital ,Tacoma,-13631373.72,5984502.696
hospital,Peacehealth Peace Island Medical Center,Friday Harbor,-13695402.8,6195387.625
hospital,Summit Pacific Medical Center,Elma,-13736042.46,5943208.156
hospital,Kindred Hospital Seattle - First Hill,Seattle,-13617557.88,6042528.933
hospital,MultiCare Covington Medical Center,Covington,-13592518.71,6000888.993
hospital,Smokey Point Behavioral Hospital,Marysville,-13600958.02,6129970.704
hospital,Fairfax Behavioral Health - Everett,Everett,-13605106.44,6102780.541
hospital,Fairfax Behavioral Health - Monroe,Monroe,-13579622.78,6084151.738
hospital,Rainier Springs,Vancouver,-13652465.03,5734671.434
hospital,Inland Northwest Behavioral Health,Spokane,-13070505.22,6049064.428
hospital,Wellfound Behavioral Health Hospital,Tacoma,-13634486.71,5981633.008
hospital,South Sound Behavioral Hospital,Lacey,-13673106.58,5949022.28
hospital,Seattle Cancer Care Alliance,Seattle,-13617690.76,6044954.435
hospital,Virginia Mason Franciscan Health Rehabilitation Hospital,Tacoma,-13638855.09,5983463.797
ems,East Adams Rural Hospital,Ritzville,-13177562.72,5962980.561
ems,East Adams Rural Hospital,Washtucna,-13170682.06,5901682.818
ems,Othello Ambulance Service,Othello,-13264301.76,5914560.127
ems,Asotin County FD #1,Clarkston,-13033612.15,5843974.239
ems,Clarkston Fire Department,Clarkston,-13029326.35,5846954.346
ems,Benton County FD #1,Benton City,-13289472.21,5815251.603
ems,Benton County FD #1,Kennewick,-13280762.57,5812471.966
ems,Benton County FD #1,Kennewick,-13268949.34,5807276.969
ems,Benton County FD #1,Kennewick,-13268691.08,5816471.187
ems,Benton County FD #1,Kennewick,-13262399.31,5809889.361
ems,Benton County FD #1,Kennewick,-13250842.12,5806826.912
ems,Benton County FD #2,Benton City,-13302200.48,5822871.133
ems,West Benton Fire and Rescue,Prosser,-13333285.33,5813868.11
ems,Benton County FD #4,West Richland,-13287926.42,5830737.703
ems,Benton County FD #4,West Richland,-13285500.33,5824760.132
ems,Benton County FD #5,Prosser,-13311034.79,5810300.983
ems,Benton County FD #6,Paterson,-13313974.74,5770744.188
ems,Benton County FD #6,Plymouth,-13286636.79,5770066.447
ems,Kennewick Fire Department,Kennewick,-13271526.39,5816126.855
ems,Kennewick Fire Department,Kennewick,-13265923.68,5813324.424
ems,Kennewick Fire Department,Kennewick,-13264457.6,5809923.126
ems,Kennewick Fire Department,Kennewick,-13260231.91,5812864.408
ems,Richland Fire and Emergency Services,Richland,-13281252.37,5822262.488
ems,Richland Fire and Emergency Services,Richland,-13278290.16,5828652.134
ems,Richland Fire and Emergency Services,Richland,-13277410.74,5825405.996
ems,Richland Fire and Emergency Services,Richland,-13276909.8,5816850.934
ems,Hanford Fire Department,Hanford,-13304040.92,5869033.868
ems,Life Flight Network,Richland,-13280434.18,5828766.536
ems,PMH Medical Center EMS,Prosser,-13332089.76,5813774.812
ems,American Medical Response,Kennewick,-13267217.21,5814452.046
ems,Chelan County FD #1,Wenatchee,-13396920,6012465.009
ems,Chelan County FD #1,Wenatchee,-13395944.85,6014647.255
ems,Chelan County FD #1,Wenatchee,-13395618.68,6019313.117
ems,Chelan County FD #1,Wenatchee,-13393090.61,6011155.267
ems,Chelan County FD #1,Wenatchee,-13392025.17,6006956.379
ems,Chelan County FD #1,Wenatchee,-13392010.81,6006898.329
ems,Chelan County FD #1,Malaga,-13381058.09,6002316.397
ems,Chelan County FD #3,Leavenworth,-13431006.03,6040771.572
ems,Chelan County FD #5,Manson,-13376429.43,6087910.208
ems,Chelan County FD #5,Manson,-13374100.62,6090209.586
ems,Chelan County FD #8,Entiat,-13382211.36,6052907.78
ems,Chelan County FD #9,Leavenworth,-13432298.45,6068437.471
ems,Chelan County FD #9,Leavenworth,-13431962.27,6062791.587
ems,Cashmere Fire Department,Cashmere,-13410424.17,6027562.73
ems,Chelan County FD #6,Peshastin,-13431289.9,6021090.23
ems,Chelan County FD #6,Peshastin,-13425510.19,6035726.173
ems,Chelan County FD #6,Dryden,-13420762.41,6030807.394
ems,Ballard Ambulance,Wenatchee,-13394139.24,6013663.037
ems,Cascade Medical Center Ambulance,Leavenworth,-13431907.72,6039634.16
ems,Lake Chelan Community Hospital EMS,Manson,-13376429.43,6087910.208
ems,Lake Chelan Community Hospital EMS,Manson,-13374100.62,6090209.586
ems,Lake Chelan Community Hospital EMS,Chelan,-13360068.8,6080080.334
ems,Lake Chelan Community Hospital EMS,Chelan,-13359800.52,6081221.435
ems,Lifeline Ambulance,Wenatchee,-13393541.46,6012711.842
ems,Lifeline Ambulance,Wenatchee,-13390109.48,6008500.192
ems,Clallam County FD #2,Port Angeles,-13752375.38,6123634.109
ems,Clallam County FD #2,Port Angeles,-13736030.34,6124987.74
ems,Clallam County FD #3,Port Angeles,-13722269.03,6122290.691
ems,Clallam County FD #3,Sequim,-13712509.65,6108625.134
ems,Clallam County FD #3,Sequim,-13711754.9,6120672.536
ems,Clallam County FD #3,Sequim,-13706102.1,6130674.661
ems,Clallam County FD #3,Sequim,-13692832.81,6110151.146
ems,Clallam County FD #3,Sequim,-13684363.63,6122440.69
ems,Clallam County FD #3,Sequim,-13684348.04,6121865.708
ems,Clallam County FD #4,Port Angeles,-13773444.82,6128841.425
ems,Clallam County FD #4,Port Angeles,-13763056.49,6126403.28
ems,Clallam County FD #5,Sekiu,-13837785.26,6151061.859
ems,Clallam County FD #5,Clallam Bay,-13832675.7,6148293.057
ems,Port Angeles Fire Department,Port Angeles,-13740832.67,6125993.099
ems,Clallam County Hospital District #1,Forks,-13847306.42,6097877.518
ems,Olympic Ambulance,Port Angeles,-13738551.73,6125704.651
ems,Olympic Ambulance,Port Angeles,-13734554.25,6124124.192
ems,Olympic Ambulance,Sequim,-13705228.24,6121167.449
ems,Neah Bay Ambulance Service,Neah Bay,-13873390.8,6168365.449
ems,Neah Bay Ambulance Service,Neah Bay,-13871942.54,6167805.802
ems,East County Fire and Rescure,Camas,-13625424.41,5720560.976
ems,East County Fire and Rescure,Camas,-13622416.56,5725748.475
ems,East County Fire and Rescure,Washougal,-13620169.02,5720112.107
ems,East County Fire and Rescure,Washougal,-13617397.16,5712833.088
ems,East County Fire and Rescure,Washougal,-13615711.78,5717957.217
ems,Clark County FD #3,Brush Prairie,-13635567.84,5738539.043
ems,Clark County FD #3,Battle Ground,-13635128.13,5749964.869
ems,Clark County FD #3,Battle Ground,-13629882.76,5744867.001
ems,Clark County FD #3,Brush Prairie,-13627403.67,5736717.757
ems,Clark County FD #6,Vancouver,-13655624.27,5730244.2
ems,Clark County FD #10,Woodland,-13644608.1,5769229.986
ems,Clark County FD #10,La Center,-13642339.41,5763322.906
ems,Clark County FD #10,Yacolt,-13637787.55,5762695.95
ems,Clark County FD #10,Amboy,-13631200.78,5765880.772
ems,Clark County FD #10,Amboy,-13627860.08,5773118.452
ems,Clark County FD #10,Amboy,-13623189.11,5768612.215
ems,Clark County FD #13,Yacolt,-13626579.91,5758226.967
ems,Clark County Fire and Rescue,Ridgefield,-13657019.11,5751859.153
ems,Camas Fire Department,Camas,-13625704.93,5714367.95
ems,Vancouver Fire Department,Vancouver,-13647914.29,5727377.953
ems,Washougal Fire Department,Washougal,-13620747.88,5712903.065
ems,North Country EMS,Yacolt,-13626579.91,5758226.967
ems,American Medical Response,Vancouver,-13655248.01,5728679.52
ems,Columbia County FD #1,Starbuck,-13149983.32,5863959.928
ems,Columbia County FD #3,Dayton,-13132483.89,5832524.897
ems,Cowlitz County FD #1,Woodland,-13662882.31,5763247.733
ems,Cowlitz County FD #1,Woodland,-13657215.03,5775850.522
ems,Cowlitz County FD #1,Woodland,-13655466.2,5770761.797
ems,Cowlitz 2 Fire and Rescue,Longview,-13694149.72,5807921.555
ems,Cowlitz 2 Fire and Rescue,Longview,-13686010.04,5807201.422
ems,Cowlitz 2 Fire and Rescue,Kelso,-13683152.47,5802939.693
ems,Cowlitz 2 Fire and Rescue,Kelso,-13681958.01,5803248.165
ems,Cowlitz 2 Fire and Rescue,Kelso,-13673141.51,5796051.667
ems,Cowlitz FD #3,Castle Rock,-13675139.69,5823512.027
ems,Cowlitz FD #3,Toutle,-13663467.85,5832186.385
ems,Cowlitz County FD #5,Kalama,-13675137.47,5782019.19
ems,Cowlitz County FD #5,Kalama,-13671648.72,5776630.581
ems,Cowlitz County FD #5,Woodland,-13662882.31,5763247.733
ems,Cowlitz County FD #6,Castle Rock,-13682250.78,5824489.56
ems,Cowlitz-Skamania FD #7,Ariel,-13637887.74,5779813.999
ems,Cowlitz-Skamania FD #7,Ariel,-13623981.71,5779610.495
ems,City of Longview,Longview,-13685365.5,5800690.739
ems,American Medical Response,Kelso,-13683534.3,5804078.845
ems,Life Flight Network,Kelso,-13680848.16,5799465.299
ems,Douglas County FD #2,East Wenatchee,-13389621.9,6009371.967
ems,Douglas County FD #2,East Wenatchee,-13381122.66,6007947.565
ems,Douglas County FD #2,Rock Island,-13374364.45,6003618.228
ems,Douglas County FD #4,Orondo,-13383715.29,6044207.827
ems,Bridgeport Volunteer Fire and EMS Dept,Bridgeport,-13322058.76,6108402.163
ems,Mansfield Ambulance,Mansfield,-13318165.92,6075732.928
ems,Douglas County Hospital District #2,Waterville,-13366242.58,6048284.889
ems,North Ferry County Ambulance,Curlew,-13219003.63,6259888.603
ems,North Ferry County Ambulance,Curlew,-13203486.8,6255424.952
ems,Ferry County EMS District #1,Republic,-13218298.98,6214730.766
ems,Franklin County FD #3,Pasco,-13269468.09,5820111.634
ems,Franklin County FD #3,Pasco,-13262143.27,5828391.11
ems,Franklin County FD #3,Pasco,-13247895.49,5837839.62
ems,Franklin County FD #3,Pasco,-13228913.29,5836460.644
ems,Pasco Fire Department,Pasco,-13267021.29,5821739.215
ems,Pasco Fire Department,Pasco,-13260388.21,5821921.15
ems,Pasco Fire Department,Pasco,-13256040.74,5818091.66
ems,Franklin County Public Hospital Dist #1,Mesa,-13261955.14,5874256.508
ems,Franklin County Public Hospital Dist #1,Eltopia,-13259489.41,5853137.33
ems,Franklin County Public Hospital Dist #1,Mesa,-13247612.74,5873433.762
ems,Franklin County Public Hospital Dist #1,Connell,-13231793.12,5886070.109
ems,American Medical Response,Kennewick,-13267217.21,5814452.046
ems,Garfield County FD #1,Pomeroy,-13091525,5856708.899
ems,Grant County FD #3,Quincy,-13361534.88,5954381.795
ems,Grant County FD #3,Quincy,-13357706.6,5977307.258
ems,Grant County FD #3,Quincy,-13342247.66,5955253.059
ems,Grant County FD #3,Quincy,-13342088.48,5979377.402
ems,Grant County FD #3,Quincy,-13331885.6,5939872.602
ems,Grant County FD #3,Quincy,-13324014.64,5983109.169
ems,Grant County FD #3,Quincy,-13318217.01,5973430.22
ems,Grant County FD #4,Warden,-13260979.98,5939484.069
ems,Grant County FD #4,Warden,-13251729.33,5937164.001
ems,Grant County FD #5,Moses Lake,-13287402.78,5961197.312
ems,Grant County FD #5,Moses Lake,-13282604.91,5970529.88
ems,Grant County FD #5,Moses Lake,-13277971.79,5956435.045
ems,Grant County FD #5,Moses Lake,-13277724.66,5984772.257
ems,Grant County FD #5,Moses Lake,-13275521.65,5961194.04
ems,Grant County FD #6,Hartline,-13258974,6055503.767
ems,Grant County FD #7,Soap Lake,-13301923.29,6003243.439
ems,Grant County FD #7,Coulee City,-13296690.16,6035684.924
ems,Grant County FD #8,Mattawa,-13348116.43,5890038.016
ems,Grant County FD #8,Mattawa,-13347270.4,5899356.517
ems,Grant County FD #8,Mattawa,-13325586.47,5899057.652
ems,Grant County FD #10,Royal City,-13316256.79,5925936.214
ems,Grant County FD #10,Othello,-13301032.73,5928569.462
ems,Grant County FD #10,Othello,-13299598.94,5933611.674
ems,Grant County FD #10,Othello,-13290411.63,5927789.182
ems,Grant County FD #12,Wilson Creek,-13260520.79,6011260.895
ems,Grant County FD #13,Ephrata,-13308900.8,5992462.026
ems,Coulee City Fire Department,Coulee City,-13279511.34,6042381.372
ems,Grand Coulee Ambulance,Grand Coulee,-13247468.02,6096835.567
ems,Moses Lake Fire Department,Moses Lake,-13278775.52,5962704.052
ems,American Medical Response,Moses Lake,-13277918.36,5963201.448
ems,Ephrata Fire Department,Ephrata,-13308425.46,5994207.367
ems,Rural Metro Fire Department,Moses Lake,-13282914.37,5972847.388
ems,Protection 1,Quincy,-13343642.5,5979852.802
ems,Grays Harbor FD #1,Oakville,-13718328.32,5915969.327
ems,Grays Harbor FD #2,Aberdeen,-13770571.67,5937625.681
ems,Grays Harbor FD #2,Montesano,-13769461.81,5954514.195
ems,Grays Harbor FD #2,Montesano,-13749547.87,5941161.69
ems,Lake Quinault Volunteer Fire Department,Amanda Park,-13792046.31,6017368.428
ems,Grays Harbor FD #5,Elma,-13743730.31,5943061.642
ems,Grays Harbor FD #5,Elma,-13732926.76,5947545.474
ems,Grays Harbor FD #5,McCleary,-13721835.99,5951178.644
ems,Grays Harbor FD #6,Hoquiam,-13793336.5,5943190.606
ems,Grays Harbor FD #7,Copailis Beach,-13822038.45,5960829.909
ems,Grays Harbor FD #7,Hoquiam,-13811653.01,5949023.717
ems,Grays Harbor FD #7,Ocean City,-13822076.97,5954058.157
ems,Grays Harbor FD #8,Pacific Beach,-13826288.41,5977832.697
ems,Grays Harbor FD #10,Aberdeen,-13780436.8,5950204.858
ems,Grays Harbor FD #10,Aberdeen,-13777917.64,5961367.441
ems,Grays Harbor FD #14,Aberdeen,-13802911.09,5925043.437
ems,Grays Harbor/Pacific County FD #15,Cosmopolis,-13771749.43,5923969.944
ems,Grays Harbor/Pacific County FD #15,Cosmopolis,-13756951.73,5912375.178
ems,Grays Harbor/Pacific County FD #15,Cosmopolis,-13751630.66,5908520.716
ems,Copalis Crossing Fire Department,Copailis Crossing,-13811549.49,5959828.22
ems,Grays Harbor FD #17,Hoquiam,-13798138.83,5973928.557
ems,Aberdeen Fire Department,Aberdeen,-13784337.44,5937395.654
ems,Aberdeen Fire Department,Aberdeen,-13781475.41,5937451.121
ems,Cosmopolis Fire Department,Cosmopolis,-13778082.39,5934653.736
ems,City of Elma Fire Department,Elma,-13737176.93,5942885.341
ems,Hoquiam Fire Department,Hoquiam,-13791072.26,5937989.496
ems,Hoquiam Fire Department,Hoquiam,-13788599.86,5937779.036
ems,Montesano Fire Department,Montesano,-13758878.67,5938754.698
ems,Ocean Shores Fire Department,Ocean Shores,-13821535.96,5942398.897
ems,Westport Fire Department,Westport,-13815306.52,5924061.161
ems,Quinault Indian Nation,Taholah,-13836360.37,5998862.233
ems,South Beach Fire and EMS,Westport,-13815306.52,5924061.161
ems,City of McCleary,McCleary,-13721752.5,5951105.116
ems,Camano Island Fire and Rescue,Camano Island,-13639645.47,6135974.734
ems,Camano Island Fire and Rescue,Camano Island,-13639156.78,6143677.037
ems,Camano Island Fire and Rescue,Camano Island,-13634197.5,6133976.809
ems,Camano Island Fire and Rescue,Camano Island,-13631666.09,6147418.797
ems,Camano Island Fire and Rescue,Camano Island,-13626582.13,6122440.69
ems,North Widbey Fire and Rescue,Oak Harbor,-13652524.03,6157664.791
ems,South Whidbey Fire/EMS,Freeland,-13641218.42,6108410.483
ems,South Whidbey Fire/EMS,Langley,-13625690.46,6112161.835
ems,South Whidbey Fire/EMS,Clinton,-13620644.35,6103090.835
ems,Island County FD #5,Coupeville,-13657334.14,6142591.08
ems,Island County FD #5,Coupeville,-13648175.89,6135709.319
ems,Island County FD #5,Greenbank,-13645634.46,6122247.358
ems,Oak Harbor Fire Department,Oak Harbor,-13653069.49,6156593.789
ems,Whidbey General Hospital EMS,Coupeville,-13657142.67,6142524.256
ems,Whidbey General Hospital EMS,Oak Harbor,-13655972.7,6158309.13
ems,Whidbey General Hospital EMS,Oak Harbor,-13653165.23,6157561.032
ems,Whidbey General Hospital EMS,Coupeville,-13648175.89,6135709.319
ems,Whidbey General Hospital EMS,Langley,-13632307.29,6107295.712
ems,Jefferson County FD #1,Port Townsend,-13673234.91,6123943.991
ems,Jefferson County FD #1,Port Townsend,-13670728.21,6116356.172
ems,Jefferson County FD #1,Chimacum,-13666762.9,6108743.278
ems,Jefferson County FD #1,Port Townsend,-13666054.91,6126204.857
ems,Jefferson County FD #1,Nordland,-13657954.19,6114103.064
ems,Jefferson County FD #1,Port Townsend,-13677634.36,6121940.704
ems,Quilcene Fire Rescue,Quilcene,-13678657.39,6077546.567
ems,Port Ludlow Fire and Rescue,Port Ludlow,-13658290.38,6085664.55
ems,Port Ludlow Fire and Rescue,Port Ludlow,-13657388.69,6096735.865
ems,Port Ludlow Fire and Rescue,Port Ludlow,-13653286.57,6090151.472
ems,Brinnon Fire Department,Brinnon,-13681559.49,6056104.097
ems,Discovery Bay Volunteer Fire and Rescue,Port Townsend,-13679396.55,6103925.658
ems,King County FD #2,Burien,-13619269.56,6018712.044
ems,King County FD #2,Burien,-13618021.66,6014492.538
ems,King County FD #2,Burien,-13615761.88,6022228.498
ems,Shoreline Fire Department,Shoreline,-13619965.3,6067488.505
ems,Shoreline Fire Department,Shoreline,-13619504.66,6066402.539
ems,Shoreline Fire Department,Shoreline,-13617472.86,6063857.564
ems,Shoreline Fire Department,Shoreline,-13615973.39,6066955.275
ems,Shoreline Fire Department,Lake Forest Park,-13612324.33,6065806.128
ems,Shoreline Fire Department,Bothell,-13602931.19,6067400.735
ems,Eastside Fire and Rescue,Renton,-13588444.08,6018376.12
ems,Eastside Fire and Rescue,Issaquah,-13588021.06,6021159.411
ems,Eastside Fire and Rescue,Issaquah,-13587811.78,6031110.819
ems,Eastside Fire and Rescue,Sammamish,-13587267.43,6039097.698
ems,Eastside Fire and Rescue,Issaquah,-13585855.9,6029382.758
ems,Eastside Fire and Rescue,Sammamish,-13584977.59,6044880.046
ems,Eastside Fire and Rescue,Issaquah,-13584669.23,6029069.501
ems,Eastside Fire and Rescue,Sammamish,-13584065.88,6036993.435
ems,Eastside Fire and Rescue,Issaquah,-13582476.24,6031483.519
ems,Eastside Fire and Rescue,Issaquah,-13579219.03,6018450.22
ems,Eastside Fire and Rescue,Issaquah,-13573033,6027894.065
ems,Eastside Fire and Rescue,Carnation,-13571523.51,6047371.182
ems,Eastside Fire and Rescue,Carnation,-13566528.61,6055774.985
ems,Eastside Fire and Rescue,North Bend,-13555821.9,6022121.419
ems,Eastside Fire and Rescue,North Bend,-13554693.12,6015007.725
ems,North Highline Fire District,Seattle,-13620130.05,6024503.837
ems,North Highline Fire District,Burien,-13615761.88,6022228.498
ems,Vashon Island Fire and Rescue,Vashon,-13632956.29,6005852.508
ems,Vashon Island Fire and Rescue,Vashon,-13632500.99,6015486.727
ems,Northshore Fire Department,Kenmore,-13608165.44,6066937.06
ems,King County FD #20,Seattle,-13607539.82,6022642.002
ems,King County FD #20,Seattle,-13606346.48,6023803.542
ems,King County FD #27,Fall City,-13569291.56,6035303.794
ems,Woodinville Fire and Rescue,Shoreline,-13615973.39,6066955.275
ems,Woodinville Fire and Rescue,Woodinville,-13599007.18,6068404.346
ems,Woodinville Fire and Rescue,Woodinville,-13598672.11,6066476.721
ems,Woodinville Fire and Rescue,Woodinville,-13589916.83,6066673.769
ems,King County FD #39,Federal Way,-13621085.18,5991516.437
ems,King County FD #39,Federal Way,-13618325.57,5994204.083
ems,King County FD #39,Des Moines,-13617623.14,6007837.373
ems,King County FD #39,Des Moines,-13615948.89,6000914.518
ems,King County FD #39,Des Moines,-13614723.27,6008001.84
ems,King County FD #39,Auburn,-13612926.57,5993729.539
ems,King County FD #39,Auburn,-13611171.06,5996956.622
ems,Maple Valley Fire and Life Safety,Renton,-13590169.53,6015876.863
ems,Maple Valley Fire and Life Safety,Maple Valley,-13586903.41,6000436.32
ems,Maple Valley Fire and Life Safety,Maple Valley,-13585911.56,6006643.439
ems,Maple Valley Fire and Life Safety,Maple Valley,-13583443.6,6001770.738
ems,Maple Valley Fire and Life Safety,Ravensdale,-13578218.27,6000623.652
ems,Maple Valley Fire and Life Safety,Maple Valley,-13577963.34,6010189.542
ems,Mountain View Fire and Rescue,Auburn,-13596987.85,5993110.536
ems,Mountain View Fire and Rescue,Auburn,-13592289.05,5993961.061
ems,Mountain View Fire and Rescue,Kent,-13591414.08,5998070.368
ems,Mountain View Fire and Rescue,Auburn,-13587584.69,5989351.493
ems,Mountain View Fire and Rescue,Black Diamond,-13586384.66,5997163.591
ems,Mountain View Fire and Rescue,Enumclaw,-13582708.89,5982731.985
ems,Mountain View Fire and Rescue,Black Diamond,-13581487.72,5992673.813
ems,King County FD #45,Duvall,-13579256.88,6063912.191
ems,King County FD #45,Duvall,-13575201.51,6059799.609
ems,King County FD #45,Duvall,-13571289.74,6066273.054
ems,Skykomish Fire Department,Baring,-13522958.16,6068030.048
ems,Skykomish Fire Department,Skykomish,-13509872.55,6058393.341
ems,Skykomish Fire Department,Skykomish,-13509852.51,6058388.378
ems,Snoqualmie Pass Fire and Rescue,Snoqualmie Pass,-13515596.6,6010599.181
ems,King County International Airport,Tukwila,-13614863.53,6028902.985
ems,Bellevue Fire Department,Clyde Hill,-13604530.85,6045800.097
ems,Bellevue Fire Department,Bellevue,-13603328.6,6041067.092
ems,Bellevue Fire Department,Bellevue,-13601664.38,6043950.184
ems,Bellevue Fire Department,Bellevue,-13601633.21,6045826.527
ems,Bellevue Fire Department,Bellevue,-13601074.38,6041090.206
ems,Bellevue Fire Department,Bellevue,-13600514.45,6030848.62
ems,Bellevue Fire Department,Bellevue,-13599764.15,6035651.925
ems,Bellevue Fire Department,Bellevue,-13599201.99,6044880.046
ems,Bellevue Fire Department,Bellevue,-13596804.17,6038100.791
ems,Bellevue Fire Department,Bellevue,-13595047.55,6032644.598
ems,Bellevue Fire Department,Bellevue,-13594938.45,6043438.224
ems,Bellevue Fire Department,Issaquah,-13582476.24,6031483.519
ems,Bellevue Fire Department,Bend,-13555821.9,6022121.419
ems,Bothell Fire and EMS,Bothell,-13607320.52,6071861.573
ems,Bothell Fire and EMS,Bothell,-13604530.85,6073707.541
ems,Bothell Fire and EMS,Bothell,-13602931.19,6067400.735
ems,Enumclaw Fire Department,Enumclaw,-13587567.99,5976691.064
ems,Enumclaw Fire Department,Enumclaw,-13580150.77,5975175.345
ems,Enumclaw Fire Department,Enumclaw,-13572912.78,5988389.834
ems,Kent Fire Department (Regional Fire Authority),Seatac,-13613822.69,6011293.472
ems,Kent Fire Department (Regional Fire Authority),Kent,-13613398.57,6001631.042
ems,Kent Fire Department (Regional Fire Authority),Seatac,-13613380.75,6018586.895
ems,Kent Fire Department (Regional Fire Authority),Seatac,-13612888.72,6015995.388
ems,Kent Fire Department (Regional Fire Authority),Kent,-13608086.4,6010472.503
ems,Kent Fire Department (Regional Fire Authority),Kent,-13607444.09,6003703.709
ems,Kent Fire Department (Regional Fire Authority),Kent,-13601842.49,6004538.833
ems,Kent Fire Department (Regional Fire Authority),Kent,-13599394.57,6010182.962
ems,Kent Fire Department (Regional Fire Authority),Kent,-13598156.7,6002970.576
ems,Kent Fire Department (Regional Fire Authority),Kent,-13595712.12,6000617.079
ems,Kent Fire Department (Regional Fire Authority),Covington,-13592464.94,6003217.138
ems,Kirkland Fire Department,Kirkland,-13607539.82,6058548.847
ems,Kirkland Fire Department,Kirkland,-13606443.32,6061608.241
ems,Kirkland Fire Department,Kirkland,-13604273.71,6056337.294
ems,Kirkland Fire Department,Kirkland,-13602755.31,6051358.828
ems,Kirkland Fire Department,Kirkland,-13602289.99,6060214.916
ems,Kirkland Fire Department,Kirkland,-13600468.81,6055300.359
ems,Mercer Island Fire Department,Mercer Island,-13606906.41,6037716.253
ems,Mercer Island Fire Department,Mercer Island,-13605905.65,6030957.456
ems,Redmond Fire Department,Redmond,-13596918.83,6048248.538
ems,Redmond Fire Department,Redmond,-13594883.91,6053464.942
ems,Redmond Fire Department,Redmond,-13593672.75,6057670.443
ems,Redmond Fire Department,Redmond,-13591352.85,6051215.022
ems,Redmond Fire Department,Woodinville,-13589878.87,6066733.382
ems,Redmond Fire Department,Redmond,-13588046.66,6053798.926
ems,Redmond Fire Department,Redmond,-13585087.79,6055786.562
ems,Redmond Fire Department,Redmond,-13579573.02,6049159.032
ems,Redmond Fire Department,Kirkland,-13600870.67,6059703.645
ems,Renton Fire and EMS,Renton,-13605821.05,6017923.303
ems,Renton Fire and EMS,Renton,-13603614.7,6020905.749
ems,Renton Fire and EMS,Renton,-13600921.88,6024648.847
ems,Renton Fire and EMS,Renton,-13595772.24,6021874.318
ems,Seattle Fire Department,Seattle,-13622983.17,6051858.033
ems,Seattle Fire Department,Seattle,-13622866.29,6029592.151
ems,Seattle Fire Department,Seattle,-13619318.54,6043208.678
ems,Seattle Fire Department,Seattle,-13618952.29,6057888.795
ems,Seattle Fire Department,Seattle,-13617930.38,6040542.096
ems,Seattle Fire Department,Seattle,-13617550.78,6040756.713
ems,Seattle Fire Department,Seattle,-13617549.67,6036371.331
ems,Seattle Fire Department,Seattle,-13616227.19,6051325.769
ems,Seattle Fire Department,Seattle,-13616061.33,6043126.109
ems,Seattle Fire Department,Seattle,-13614082.07,6060615.35
ems,Seattle Fire Department,Seattle,-13613759.24,6036561.093
ems,Seattle Fire Department,Seattle,-13611761.06,6032062.39
ems,Snoqualmie Fire Department,Snoqualmie,-13563103.31,6029877.396
ems,Tukwila Fire Department,Tukwila,-13612247.52,6024172.632
ems,Tukwila Fire Department,Tukwila,-13612066.07,6019729.775
ems,Tukwila Fire Department,Tukwila,-13609867.51,6019397.105
ems,Tukwila Fire Department,Tukwila,-13608813.32,6016128.731
ems,King County Medic One,Kent,-13606443.32,6009954.296
ems,American Medical Response,Tukwila,-13611532.85,6021872.67
ems,Boeing Fire Department,Seattle,-13615724.03,6029478.386
ems,Tri Med Ambulance,Kent,-13606353.15,6013095.27
ems,Valley Regional Fire Authority,Auburn,-13606079.31,5994092.423
ems,Falck Northwest,Kirkland,-13599858.78,6059258.582
ems,Central Kitsap Fire and Rescue,Seabeck,-13673600.15,6046743.375
ems,Central Kitsap Fire and Rescue,Bremerton,-13665807.78,6044158.279
ems,Central Kitsap Fire and Rescue,Bremerton,-13660009.15,6040601.528
ems,Central Kitsap Fire and Rescue,Silverdale,-13657230.61,6050948.906
ems,Central Kitsap Fire and Rescue,Poulsbo,-13654168.22,6055434.31
ems,Central Kitsap Fire and Rescue,Bremerton,-13651873.92,6045985.11
ems,Central Kitsap Fire and Rescue,Bremerton,-13648804.84,6040096.37
ems,Bainbridge Island Fire Department,Bainbridge Island,-13641399.87,6044254.071
ems,Bainbridge Island Fire Department,Bainbridge Island,-13641091.52,6053990.724
ems,Bainbridge Island Fire Department,Bainbridge Island,-13639024.31,6047830.502
ems,South Kitsap Fire and Rescue,Bremerton,-13666451.21,6022983.034
ems,South Kitsap Fire and Rescue,Port Orchard,-13652875.8,6028182.552
ems,South Kitsap Fire and Rescue,Port Orchard,-13651330.68,6022702.958
ems,South Kitsap Fire and Rescue,Port Orchard,-13651143.67,6013261.482
ems,South Kitsap Fire and Rescue,Port Orchard,-13647723.93,6029212.938
ems,South Kitsap Fire and Rescue,Port Orchard,-13642623.27,6029729.002
ems,North Kitsap Fire and Rescue,Kingston,-13641104.87,6074390.351
ems,Bremerton Fire Department,Bremerton,-13656960.11,6035473.733
ems,Bremerton Fire Department,Bremerton,-13651162.59,6035551.279
ems,Bremerton Fire Department,Bremerton,-13649901.34,6039150.517
ems,Poulsbo Fire Department,Poulsbo,-13651995.26,6063786.385
ems,Navy Region Northwest Fire and EMS,Silverdale,-13661969.49,6060878.455
ems,Navy Region Northwest Fire and EMS,Silverdale,-13659833.26,6056924.45
ems,Navy Region Northwest Fire and EMS,Bremerton,-13658086.66,6038267.484
ems,Navy Region Northwest Fire and EMS,Bremerton,-13652950.38,6035079.413
ems,Navy Region Northwest Fire and EMS,Bremerton,-13652921.44,6034236.388
ems,Navy Region Northwest Fire and EMS,Bremerton,-13652144.43,6034008.736
ems,Bainbridge Island Ambulance,Bainbridge Island,-13638463.26,6045411.913
ems,Olympic Ambulance,Bremerton,-13650554.78,6037405.995
ems,Bremerton Ambulance,Bremerton,-13650554.78,6037405.995
ems,Kittitas County FD #1,Thorp,-13433367.12,5953388.038
ems,Kittitas Valley Fire and Rescue,Ellensburg,-13430163.34,5939002.71
ems,Kittitas Valley Fire and Rescue,Ellensburg,-13419198.37,5940778.159
ems,Kittitas Valley Fire and Rescue,Ellensburg,-13415571.58,5941881.469
ems,Kittitas County FD #3,Easton,-13489304.61,5980329.375
ems,Vantage Fire Department,Vantage,-13357183.51,5933215.593
ems,Kittitas County FD #6,Ronald,-13477845.93,5986801.524
ems,Kittitas County FD #6,Ronald,-13472286.64,5980331.507
ems,Kittitas County Fire and Rescue 7,Cle Elum,-13480180.53,5989406.144
ems,Kittitas County Fire and Rescue 7,Cle Elum,-13475363.51,5974069.447
ems,Kittitas County Fire and Rescue 7,Cle Elum,-13467886.18,5975629.213
ems,Kittitas County Fire and Rescue 7,South Cle Elum,-13464276.09,5972627.894
ems,Kittitas County Fire and Rescue 7,Cle Elum,-13462458.8,5970711
ems,Kittitas County Fire and Rescue 7,Cle Elum,-13459122,5986284.729
ems,Kittitas County Fire and Rescue 7,Cle Elum,-13453718.55,5970940.926
ems,Snoqualmie Fire Department,Easton,-13497342.43,5992675.454
ems,Cle Elum Fire Department,Cle Elum,-13462795.54,5974115.318
ems,Cle Elum Fire Department,Cle Elum,-13460828.52,5973672.996
ems,Kittitas Volunteer Fire Department,Kittitas,-13404840.39,5939528.127
ems,South Cle Elum Fire Department,South Cle Elum,-13464276.09,5972627.894
ems,Upper Kititas County Medic One,Cle Elum,-13464097.98,5973964.598
ems,Klickitat County FD #1,Trout Lake,-13529226.56,5780088.015
ems,Klickitat County FD #2,Bickleton,-13392166.66,5780023.917
ems,Klickitat County FD #3,Husum,-13523872.09,5748029.475
ems,Klickitat County FD #3,White Salmon,-13520292.06,5741968.921
ems,Klickitat County FD #3,White Salmon,-13515288.25,5748273.771
ems,Lyle Fire Department,Lyle,-13501425.63,5731267.286
ems,Klickitat County Rural 7 Fire and Rescue,Goldendale,-13450492.51,5751247.38
ems,Klickitat County FD #8,Glenwood,-13501831.95,5783497.103
ems,Klickitat County FD #9,Roosevelt,-13382438.45,5739328.596
ems,Klickitat County FD #12,Klickitat,-13486540.1,5751340.181
ems,Klickitat County FD #13,Lyle,-13507458.03,5745618.805
ems,Klickitat County FD #14,Lyle,-13490249.15,5735504.304
ems,Klickitat County FD #15,Wahkiacus,-13483706.91,5758759.29
ems,Goldendale FD,Goldendale,-13449964.85,5750646.829
ems,Klickitat County EMS District #1,White Salmon,-13521997.47,5735993.811
ems,Klickitat County EMS District #1,Dallesport,-13488944.49,5719336.987
ems,Klickitat County EMS District #1,Goldendale,-13448688.02,5751466.208
ems,Lewis County FD #1,Onalaska,-13661051.1,5873370.602
ems,Lewis County FD #1,Onalaska,-13648790.37,5878872.114
ems,Lewis County FD #2,Winlock,-13680658.91,5857489.666
ems,Lewis County FD #2,Toledo,-13675156.39,5851090.391
ems,Lewis County FD #2,Chehalis,-13672519.23,5868655.912
ems,Lewis County FD #2,Toledo,-13668344.75,5859646.43
ems,Lewis County FD #3,Mossyrock,-13634927.75,5865584.306
ems,Lewis County FD #4,Morton,-13611796.68,5870316.774
ems,Lewis County FD #5,Napavine,-13682306.44,5873022.418
ems,Lewis County FD #6,Chehalis,-13698716.05,5882835.144
ems,Lewis County FD #6,Chehalis,-13690048.71,5882340.68
ems,Lewis County FD #6,Chehalis,-13685364.39,5884595.984
ems,Lewis County FD #6,Chehalis,-13674203.5,5882569.265
ems,Lewis County FD #6,Chehalis,-13669326.59,5881311.313
ems,Lewis County FD #7,Ryderwood,-13697138.65,5839948.014
ems,Lewis County FD #7,Vader,-13687766.66,5844774.862
ems,Lewis County FD #8,Salkum,-13650938.84,5865891.742
ems,Lewis County FD #8,Cinebar,-13595661.25,5865530.425
ems,Lewis County FD #9,Mineral,-13601202.4,5896139.378
ems,Lewis County FD #10,Packwood,-13544773.1,5877491.066
ems,Lewis County FD #13,Curtis,-13707068.35,5868670.48
ems,Lewis County FD #13,Chehalis,-13704995.58,5872994.888
ems,Lewis County FD #13,Vader,-13698575.79,5844661.866
ems,Lewis County FD #14,Randle,-13574076.07,5866398.226
ems,Lewis County FD #14,Randle,-13565275.15,5850966.007
ems,Lewis County FD #15,Winlock,-13685434.52,5859848.553
ems,Lewis County FD #17,Ashford,-13579233.5,5899098.258
ems,Lewis County FD #18,Glenoma,-13595726.6,5865458.099
ems,City of Chehalis Fire Department,Chealis,-13689047.95,5887395.249
ems,Riverside Fire Authority,Centralia,-13715305.88,5899050.667
ems,Riverside Fire Authority,Centralia,-13691276.57,5899406.87
ems,Riverside Fire Authority,Centralia,-13687141.05,5896548.56
ems,Riverside Fire Authority,Centralia,-13682049.3,5894350.244
ems,Pe Ell Volunteer Fire Department,Pe Ell,-13725249.38,5873262.42
ems,American Medical Response,Centralia,-13689307.33,5894954.157
ems,Lincoln County FD #1,Sprague,-13133165.17,5991237.377
ems,Lincoln County FD #1,Sprague,-13133098.38,5991045.323
ems,Lincoln County FD #4,Edwall,-13130171.79,6025017.972
ems,Lincoln County FD #4,Reardan,-13122436.2,6052018.379
ems,Lincoln County FD #6,Harrington,-13164076.37,6020729.507
ems,Lincoln County FD #7,Lincoln,-13183595.12,6077904.698
ems,Almira Fire and Rescue,Almira,-13240322.42,6059015.38
ems,Creston Ambulance,Creston,-13193555.99,6066763.188
ems,Wilbur Fire Department,Wilbur,-13214163.46,6066784.715
ems,Davenport Ambulance,Davenport,-13151973.71,6049998.557
ems,Odessa Memorial Healthcare Center,Odessa,-13212604.98,5996802.221
ems,Mason County FD #1,Hoodsport,-13708568.94,6008593.945
ems,Mason County FD #3,Grapeview,-13685801.88,5989098.76
ems,Mason County FD #3,Grapeview,-13674040.97,5995816.742
ems,Mason County FD #4,Shelton,-13703449.35,5971237.351
ems,Mason County FD #4,Shelton,-13702750.27,5962875.846
ems,Mason County FD #4,Shelton,-13695838.44,5974665.795
ems,Central Mason Fire and EMS,Shelton,-13703487.2,5977064.708
ems,Central Mason Fire and EMS,Shelton,-13698217.34,5987096.849
ems,Central Mason Fire and EMS,Shelton,-13685637.12,5986337.228
ems,Central Mason Fire and EMS,Grapeview,-13684171.04,5998277.363
ems,Central Mason Fire and EMS,Allyn,-13673337.43,6004755.847
ems,Mason County FD #6,Shelton,-13706500.62,5981867.802
ems,Mason County FD #6,Union,-13703373.66,6000240.776
ems,Mason County FD #6,Union,-13700128.69,5997028.897
ems,Mason County FD #8,Tahuya,-13698324.2,6003098.788
ems,Mason County FD #8,Tahuya,-13696010.99,6007829.15
ems,Mason County FD #8,Belfair,-13693539.69,6005106.04
ems,Mason County FD #9,Shelton,-13715712.31,5993923.294
ems,Mason County FD #9,Shelton,-13706761.11,5987986.165
ems,Mason County FD #11,Shelton,-13706500.62,5981867.802
ems,Mason County FD #12,Elma,-13740458.63,5974824.719
ems,Mason County FD #13,Elma,-13726886.56,5964017.959
ems,Mason County FD #13,McCleary,-13725418.26,5953935.571
ems,Mason County FD #13,Shelton,-13711017.97,5968347.238
ems,Mason County FD #17,Lilliwaup,-13698065.94,6027958.356
ems,Mason County FD #18,Hoodsport,-13716040.7,6011545.208
ems,North Mason Regional Fire Authority,Tahuya,-13698324.2,6003098.788
ems,North Mason Regional Fire Authority,Tahuya,-13696010.99,6007829.15
ems,North Mason Regional Fire Authority,Tahuya,-13690383.79,6012961.973
ems,North Mason Regional Fire Authority,Belfair,-13673019.06,6017536.368
ems,Mason County Medic One,Shelton,-13705651.25,5978492.245
ems,Okanogan County FD #3,Malott,-13325605.4,6154238.057
ems,Okanogan County FD #3,Okanogan,-13311682.67,6167710.297
ems,Okanogan County FD #3,Omak,-13305965.3,6175580.472
ems,Loomis Fire and Rescue,Loomis,-13314553.6,6257138.337
ems,Douglas Okanogan County FD #15,Brewster,-13334042.3,6123234.061
ems,Okanogan County FD #16,Tonasket,-13256659.67,6205752.193
ems,Conconully Fire Department,Conconully,-13330523.49,6200390.117
ems,Aero Methow Rescue Service,Mazama,-13413109.2,6215052.568
ems,Aero Methow Rescue Service,Mazama,-13403954.28,6204946.068
ems,Aero Methow Rescue Service,Winthrop,-13378625.76,6186955.185
ems,Aero Methow Rescue Service,Twisp,-13369840.42,6166534.166
ems,Coville Tribal EMS,Nespelem,-13244534.75,6134450.794
ems,Life Line Ambulance,Okanogan,-13308344.2,6171931.965
ems,Pacific County FD #1,Ocean Park,-13809861.88,5866547.102
ems,Pacific County FD #1,Seaview,-13809603.62,5833230.977
ems,Pacific County FD #1,Ocean Park,-13809103.8,5859547.796
ems,Pacific County FD #5,Grayland,-13812697.19,5904809.351
ems,Long Beach Fire Department,Long Beach,-13809487.85,5837579.936
ems,Raymond Fire Department,Bay Center,-13798432.71,5879868.781
ems,Raymond Fire Department,South Bend,-13788436.22,5862918.155
ems,Raymond Fire Department,Raymond,-13774035.93,5890880.17
ems,Raymond Fire Department,Raymond,-13764515.89,5880766.689
ems,Raymond Fire Department,Raymond,-13753907.14,5870566.093
ems,Naselle Volunteer FD,Naselle,-13781627.14,5840679.698
ems,Medix Ambulance Service INC,Ilwaco,-13808211.01,5829999.269
ems,Pend Oreille County FD #2,Cusick,-13069598.4,6221577.154
ems,Pend Oreille County FD #2,Metaline Falls,-13065805.74,6251251.299
ems,Pend Oreille County FD #2,Cusick,-13062059.84,6203384.522
ems,Pend Oreille County FD #2,Ione,-13071086.74,6230771.658
ems,South Pend Oreille Fire and Rescure,Newport,-13064516.67,6124639.309
ems,South Pend Oreille Fire and Rescure,Newport,-13057962.17,6136425.459
ems,South Pend Oreille Fire and Rescure,Elk,-13056284.59,6115776.602
ems,South Pend Oreille Fire and Rescure,Newport,-13047350.09,6126620.05
ems,South Pend Oreille Fire and Rescure,Newport,-13041047.18,6133479.486
ems,Pend Oreille County FD #4,Newport,-13051275.21,6148425.123
ems,Pend Oreille County FD #5,Cusick,-13054381.03,6188300.412
ems,Pend Oreille County FD #6,Newport,-13044011.62,6147271.703
ems,Pend Oreille County FD #8,Newport,-13033056.66,6121255.77
ems,City of Anacortes Fire Department,Anacortes,-13656203.14,6190264.052
ems,City of Anacortes Fire Department,Anacortes,-13649264.59,6192465.077
ems,City of Anacortes Fire Department,Anacortes,-13641583.55,6183969.909
ems,Cusick Fire Department,Cusick,-13057180.71,6163118.943
ems,Ione Fire Department,Ione,-13071100.1,6230759.842
ems,Ponderay Newsprint Ambulance,Usk,-13054706.08,6154960.77
ems,Kalispel Tribal Fire Department,Usk,-13054727.56,6167560.34
ems,AMR (Pend Oreille),Newport,-13047350.09,6126620.05
ems,Pend Oreille EMS,Newport,-13029010.65,6137077.215
ems,West Pierce Fire and Rescue,Lakewood,-13642566.5,5971728.683
ems,West Pierce Fire and Rescue,Lakewood,-13642291.54,5966422.12
ems,West Pierce Fire and Rescue,Lakewood,-13642262.6,5962790.767
ems,West Pierce Fire and Rescue,University Place,-13640494.84,5978841.38
ems,West Pierce Fire and Rescue,Lakewood,-13637028.35,5970911.448
ems,West Pierce Fire and Rescue,Lakewood,-13635600.12,5967883.926
ems,Gig Harbor Fire and Medic One,Gig Harbor,-13655707.76,5990987.872
ems,Gig Harbor Fire and Medic One,Gig Harbor,-13652396.01,5995961.272
ems,Gig Harbor Fire and Medic One,Gig Harbor,-13650317.67,5999777.403
ems,Gig Harbor Fire and Medic One,Gig Harbor,-13650256.45,5990063.781
ems,Gig Harbor Fire and Medic One,Fox Island,-13650093.92,5981759.58
ems,Gig Harbor Fire and Medic One,Gig Harbor,-13648861.62,6005538.457
ems,Gig Harbor Fire and Medic One,Gig Harbor,-13648571.07,6005646.976
ems,Gig Harbor Fire and Medic One,Gig Harbor,-13646167.68,5994373.218
ems,Gig Harbor Fire and Medic One,Gig Harbor,-13645640.03,5987413.514
ems,Gig Harbor Fire and Medic One,Gig Harbor,-13645290.49,6000083.029
ems,Central Pierce Fire and Rescue,Tacoma,-13629520.97,5962473.361
ems,Central Pierce Fire and Rescue,Tacoma,-13629072.35,5967085.059
ems,Central Pierce Fire and Rescue,Tacoma,-13626332.78,5969807.73
ems,Central Pierce Fire and Rescue,Tacoma,-13625625.9,5957983.477
ems,Central Pierce Fire and Rescue,Spanaway,-13623698.96,5950789.77
ems,Central Pierce Fire and Rescue,Puyallup,-13620678.86,5963828.142
ems,Central Pierce Fire and Rescue,Puyallup,-13620666.61,5972089.012
ems,Central Pierce Fire and Rescue,Puyallup,-13614701,5972202.027
ems,Central Pierce Fire and Rescue,Puyallup,-13614159.66,5965023.567
ems,Central Pierce Fire and Rescue,Puyallup,-13614034.2,5973256.906
ems,Central Pierce Fire and Rescue,Puyallup,-13612742.89,5958302.354
ems,Central Pierce Fire and Rescue,Puyallup,-13609637.08,5967821.717
ems,Pierce County FD #13,Tacoma,-13629542.12,5991370.34
ems,Pierce County FD #13,Tacoma,-13627681.97,5994005.395
ems,Pierce County FD #14,Puyallup,-13620565.31,5978057.895
ems,Key Peninsula Fire Department,Lakebay,-13666387.76,5987155.915
ems,Key Peninsula Fire Department,Gig Harbor,-13666043.44,6002686.052
ems,Key Peninsula Fire Department,Longbranch,-13665405.92,5977795.656
ems,Key Peninsula Fire Department,Lakebay,-13664036.69,5997567.686
ems,Key Peninsula Fire Department,Gig Harbor,-13656200.46,6005772.432
ems,South Pierce Fire and Rescue #17,Roy,-13641461.1,5942480.513
ems,South Pierce Fire and Rescue #17,Eatonville,-13620695.56,5933548.078
ems,South Pierce Fire and Rescue #17,Eatonville,-13620695.56,5933548.078
ems,South Pierce Fire and Rescue #17,Eatonville,-13612460.14,5929526.166
ems,South Pierce Fire and Rescue #17,Eatonville,-13610846.34,5920442.192
ems,Orting Valley Fire and Rescue,Orting,-13606094.89,5954909.774
ems,Orting Valley Fire and Rescue,Orting,-13603262.93,5957574.678
ems,Orting Valley Fire and Rescue,Orting,-13594755.89,5954782.271
ems,Pierce County FD #21,Graham,-13618692.92,5949832.364
ems,Pierce County FD #21,Graham,-13617188.99,5938691.065
ems,Pierce County FD #21,Puyallup,-13617164.5,5956073.73
ems,Pierce County FD #21,Puyallup,-13613908.41,5956103.157
ems,Pierce County FD #21,Graham,-13609957.68,5950703.174
ems,Pierce County FD #21,Graham,-13607461.9,5939663.566
ems,East Pierce Fire and Rescue,Milton,-13616703.64,5982848.418
ems,East Pierce Fire and Rescue,Edgewood,-13613803.77,5980643.007
ems,East Pierce Fire and Rescue,Sumner,-13608186.59,5974747.714
ems,East Pierce Fire and Rescue,Lake Tapps,-13603379.81,5979324.946
ems,East Pierce Fire and Rescue,Bonney Lake,-13601439.51,5971186.581
ems,East Pierce Fire and Rescue,Bonney Lake,-13598521.72,5975557.281
ems,East Pierce Fire and Rescue,Lake Tapps,-13597377.46,5981795.654
ems,East Pierce Fire and Rescue,Bonney Lake,-13597124.77,5966106.219
ems,East Pierce Fire and Rescue,Buckley,-13593987.79,5968440.558
ems,East Pierce Fire and Rescue,South Praire,-13591461.95,5964932.738
ems,Pierce County FD #23,Eatonville,-13611181.08,5908954.868
ems,Pierce County FD #23,Elbe,-13602443.61,5903957.732
ems,Pierce County FD #23,Ashford,-13585826.95,5902907.948
ems,Pierce County FD #26,Enumclaw,-13540513.24,5965765.779
ems,Pierce County FD #26,Enumclaw,-13538020.8,5960598.614
ems,Anderson Island Fire and Rescue,Anderson Island,-13659218.78,5969216.627
ems,City of Buckley Fire Department,Buckley,-13584514.5,5967405.907
ems,Town of Carbonado Fire Department,Carbonado,-13586826.6,5955114.109
ems,Dupont Fire Department,Dupont,-13653001.59,5959389.895
ems,Ruston Fire Department,Ruston,-13638031.34,5990979.665
ems,Steilacoom Department of Public Safety,Steilacoom,-13647137.28,5969953.465
ems,Tacoma Fire Department,Tacoma,-13640321.18,5983858.667
ems,Tacoma Fire Department,Fircrest,-13637736.35,5980539.719
ems,Tacoma Fire Department,Tacoma,-13637190.88,5979661
ems,Tacoma Fire Department,Tacoma,-13636647.64,5988893.625
ems,Tacoma Fire Department,Tacoma,-13635364.13,5986322.462
ems,Tacoma Fire Department,Tacoma,-13634689.53,5983799.624
ems,Tacoma Fire Department,Tacoma,-13634620.51,5975843.867
ems,Tacoma Fire Department,Tacoma,-13631956.64,5976830.359
ems,Tacoma Fire Department,Tacoma,-13631803.02,5983071.45
ems,Tacoma Fire Department,Tacoma,-13630286.85,5983740.58
ems,Tacoma Fire Department,Tacoma,-13630146.58,5973273.287
ems,Tacoma Fire Department,Tacoma,-13630010.77,5980716.785
ems,Tacoma Fire Department,Tacoma,-13628971.05,5983676.617
ems,Tacoma Fire Department,Tacoma,-13628727.26,5983914.431
ems,Tacoma Fire Department,Tacoma,-13627864.53,5978539.779
ems,Tacoma Fire Department,Tacoma,-13627788.84,5974526.534
ems,Tacoma Fire Department,Tacoma,-13623870.39,5989044.604
ems,Tacoma Fire Department,Fife,-13620673.29,5981039.776
ems,Joint Base Lewis-McChord Fire and EMS,Tacoma,-13649972.58,5956972.959
ems,Joint Base Lewis-McChord Fire and EMS,Tacoma,-13646067.05,5955082.723
ems,Joint Base Lewis-McChord Fire and EMS,Tacoma,-13641015.82,5958593.442
ems,Joint Base Lewis-McChord Fire and EMS,Tacoma,-13641012.37,5959419.825
ems,Joint Base Lewis-McChord Fire and EMS,Tacoma,-13634726.27,5964335.42
ems,Joint Base Lewis-McChord Fire and EMS,Tacoma,-13626263.76,5966949.193
ems,McNeil Island Fire Department,McNeil Island,-13654352,5974625.491
ems,Aero Skagit EMS,Concrete,-13552752.82,6197070.587
ems,Madigan Ambulance,Fort Lewis,-13642591.77,5959887.102
ems,American Medical Response,Buckley,-13584514.5,5967405.907
ems,Greenwater Rescue,Enumclaw,-13536674.95,5959375.175
ems,Rural Metro Ambulance,Fife,-13621096.31,5980844.668
ems,Falck Northwest,Fife,-13621108.55,5980862.703
ems,Orcas Fire and Rescue,Deer Harbor,-13692396.44,6211612.281
ems,Orcas Fire and Rescue,Eastsound,-13682111.63,6224464.337
ems,San Juan County FD #4,Lopez Island,-13682319.8,6194096.89
ems,San Juan County FD #4,Lopez Island,-13681098.63,6189550.101
ems,San Juan County FD #5,Shaw Island,-13685692.78,6202593.762
ems,San Juan County FD #5,Shaw Island,-13685609.29,6202563.479
ems,San Juan Island EMS and MedEvac,Friday Harbor,-13695399.84,6195481.909
ems,San Juan Island EMS and MedEvac,Friday Harbor,-13694178.67,6196581.343
ems,Skagit County FD #2,Mount Vernon,-13627384.75,6180901.773
ems,Skagit County FD #2,Mount Vernon,-13625618.11,6177266.086
ems,Skagit County FD #3,Conway,-13619550.97,6163729.027
ems,Skagit County FD #3,Mount Vernon,-13616578.96,6171043.549
ems,Skagit County FD #4,Clearlake,-13606949.83,6183825.541
ems,Skagit Count FD#4,Mount Vernon,-13610398.95,6178647.7
ems,Skagit County FD #5,Bow,-13639234.71,6202723.307
ems,Skagit County FD #5,Bow,-13630182.2,6210161.151
ems,Skagit County FD #5,Bow,-13629616.7,6200940.133
ems,Skagit County FD #5,Bow,-13623031.04,6192933.918
ems,Skagit County FD #6,Burlington,-13625042.58,6185699.16
ems,Lake Cavanaugh Volunteer Fire Department,Mount Vernon,-13579580.82,6158344.278
ems,Lake Cavanaugh Volunteer Fire Department,Mount Vernon,-13584180.54,6161370.825
ems,Skagit County FD #8,Sedro Woolley,-13613319.53,6200827.436
ems,Skagit County FD #8,Sedro Woolley,-13609825.21,6205316.304
ems,Skagit County FD #8,Sedro Woolley,-13606749.45,6206962.367
ems,Skagit County FD #8,Sedro Woolley,-13606307.51,6198748.688
ems,Skagit County FD #8,Lyman,-13587688.22,6194807.861
ems,Skagit County FD #8,Sedro Woolley,-13587399.9,6195038.14
ems,Skagit County FD #8,Sedro Woolley,-13581571.21,6195581.087
ems,Skagit County FD #9,Mount Vernon,-13608275.64,6174250.665
ems,Skagit County FD #9,Mount Vernon,-13603769.43,6167396.981
ems,Skagit County FD #10,Concrete,-13567074.07,6194491.867
ems,Skagit County FD #10,Concrete,-13555841.94,6196697.347
ems,Mt Erie Fire Department,Anacortes,-13653614.96,6183167.522
ems,Mt Erie Fire Department,Anacortes,-13648544.35,6178505.77
ems,Bay View Volunteer Fire Department,Mount Vernon,-13633821.24,6187984.659
ems,Skagit County FD #13,Anacortes,-13642923.83,6183362.237
ems,Skagit County FD #13,La Conner,-13638544.53,6172580.735
ems,Skagit County FD #13,La Conner,-13635269.51,6172342.68
ems,Skagit County FD #14,Bow,-13621225.44,6202396.924
ems,Skagit County FD #14,Burlington,-13618743.01,6209746.925
ems,Skagit County FD #15,Mount Vernon,-13607066.71,6159433.912
ems,Day Creek Fire Department,Sedro Woolley,-13587654.82,6190768.053
ems,Guemas Island Fire Department,Anacortes,-13650572.6,6199317.098
ems,Skagit County FD #19,Rockport,-13536096.08,6188087.11
ems,Skagit County FD #19,Marblemount,-13517635.97,6195063.354
ems,Burlington Fire Department,Burlington,-13617893.65,6185359.998
ems,Hamilton Fire Department,Hamilton,-13579886.95,6195033.098
ems,La Conner Fire Department,La Conner,-13635269.51,6172342.68
ems,Mount Vernon Fire Department,Mount Vernon,-13618601.64,6176432.462
ems,Mount Vernon Fire Department,Mount Vernon,-13617801.25,6177224.151
ems,Mount Vernon Fire Department,Mount Vernon,-13616032.38,6179962.084
ems,City of Sedro Woolley Fire Department,Sedro Woolley,-13607436.29,6191915.607
ems,City of Sedro Woolley Fire Department,Sedro Woolley,-13606222.91,6194846.52
ems,Central Skagit Medic One,Sedro Woolley,-13612061.62,6189625.693
ems,Central Skagit Medic One,Sedro Woolley,-13609580.31,6190517.729
ems,Central Skagit Medic One,Burlington,-13618040.59,6185365.035
ems,Central Skagit Medic One,Burlington,-13618062.85,6186810.766
ems,Central Skagit Medic One,Mount Vernon,-13616032.38,6179962.084
ems,Central Skagit Medic One,Sedro Woolley,-13607393.99,6191994.581
ems,Central Skagit Medic One,Mount Vernon,-13625618.11,6177266.086
ems,Skamania County FD #4,Washougal,-13606399.91,5717890.383
ems,Skamania County FD #6,Cougar,-13614629.42,5788534.758
ems,Skamania County EMS,Stevenson,-13568094.87,5731232.225
ems,Paine Field,Everett,-13612372.2,6090437.067
ems,Snohomish County FD #1,Edmonds,-13622729.36,6075640.101
ems,Snohomish County FD #1,Edmonds,-13620063.26,6072042.175
ems,Snohomish County FD #1,Edmonds,-13619701.47,6077311.137
ems,Snohomish County FD #1,Mount Lake Terrace,-13615800.84,6071694.229
ems,Snohomish County FD #1,Lynnwood,-13612833.06,6083132.457
ems,Snohomish County FD #1,Brier,-13612021.54,6074524.6
ems,Snohomish County FD #1,Lynnwood,-13608858.96,6081186.603
ems,Snohomish County FD #1,Lynnwood,-13608203.28,6075618.552
ems,Snohomish County FD #1,Everett,-13606996.58,6087938.428
ems,Snohomish County FD #1,Everett,-13601534.13,6090227.851
ems,Snohomish County FD #1,Everett,-13598073.21,6085858.719
ems,Snohomish County FD #4,Snohomish,-13592112.05,6095207.251
ems,Snohomish County FD #4,Snohomish,-13590837.44,6092928.128
ems,Snohomish County FD #4,Snohomish,-13581247.27,6095981.493
ems,Snohomish County FD #5,Sultan,-13560648.71,6084056.601
ems,Snohomish County FD #7,Mill Creek,-13605270.02,6083421.137
ems,Snohomish County FD #7,Bothell,-13601741.19,6079445.164
ems,Snohomish County FD #7,Bothell,-13600182.72,6072895.531
ems,Snohomish County FD #7,Snohomish,-13596899.9,6082739.269
ems,Snohomish County FD #7,Snohomish,-13594826.02,6079118.476
ems,Snohomish County FD #7,Snohomish,-13591978.47,6073652.852
ems,Snohomish County FD #7,Monroe,-13579088.79,6081944.654
ems,Snohomish County FD #7,Monroe,-13573661.96,6086505.981
ems,Lake Stevens Fire Department,Lake Stevens,-13592024.11,6106189.403
ems,Lake Stevens Fire Department,Lake Stevens,-13587965.4,6109668.518
ems,Lake Stevens Fire Department,Snohomish,-13586013.97,6103734.407
ems,Tulalip Bay Fire Department,Tulalip,-13611697.6,6117993.502
ems,Snohomish County FD #16,Snohomish,-13571799.58,6104527.713
ems,Snohomish County FD #17,Granite Falls,-13577594.88,6120570.89
ems,Snohomish County FD #19,Stanwood,-13610713.54,6138170.153
ems,Snohomish County FD #19,Arlington,-13602544.14,6138261.988
ems,Snohomish County FD #21,Arlington,-13588198.06,6140569.897
ems,Getchell Fire,Arlington,-13591919.47,6118938.066
ems,Snohomish County FD #23,Granite Falls,-13558939.96,6123115.718
ems,Darrington Fire District #24,Arlington,-13548311.28,6151832.97
ems,Darrington Fire District #24,Darrington,-13536923.19,6149378.066
ems,Oso Fire Department,Arlington,-13573694.24,6151734.131
ems,Snohomish County FD #26,Gold Bar,-13547142.32,6083001.392
ems,Snohomish County FD #26,Gold Bar,-13544053.2,6080589.498
ems,Snohomish County FD #26,Index,-13531222.52,6076997.793
ems,Snohomish County FD #27,Everett,-13616285.08,6109142.65
ems,Snohomish County Fire Protection Dist. #28,Index,-13531220.29,6077006.082
ems,North County Fire / EMS,Stanwood,-13619177.16,6146760.235
ems,Boeing Fire Department,Everett,-13611186.65,6093590.872
ems,Arlington Fire Department,Arlington,-13597324.03,6134641.063
ems,Everett Fire Department,Everett,-13608083.06,6097510.245
ems,Everett Fire Department,Everett,-13607520.9,6092180.734
ems,Everett Fire Department,Everett,-13604830.3,6089311.344
ems,Everett Fire Department,Everett,-13604629.93,6096232.389
ems,Everett Fire Department,Everett,-13604432.89,6101755.618
ems,Everett Fire Department,Everett,-13604418.42,6096210.789
ems,Everett Fire Department,Everett,-13604086.69,6103218.88
ems,Everett Fire Department,Everett,-13603695.96,6103538.17
ems,Everett Fire Department,Everett,-13603162.74,6106274.243
ems,Lynnwood Fire Department,Lynnwood,-13617250.22,6078413.734
ems,Lynnwood Fire Department,Lynnwood,-13613554.41,6078314.246
ems,Marysville Fire Department,Stanwood,-13613200.42,6132665.141
ems,Marysville Fire Department,Marysville,-13601439.51,6128561.22
ems,Marysville Fire Department,Marysville,-13600294.03,6117147.315
ems,Marysville Fire Department,Marysville,-13599106.26,6122164.027
ems,Marysville Fire Department,Marysville,-13598986.03,6122215.692
ems,Marysville Fire Department,Marysville,-13595961.48,6112295.01
ems,Mukilteo Fire Department,Mukilteo,-13614669.83,6097729.61
ems,Mukilteo Fire Department,Mukilteo,-13614041.99,6090950.167
ems,Naval Station Everett,Everett,-13604785.78,6105663.749
ems,Northwest Ambulance,Everett,-13604566.48,6103135.733
ems,Northwest Ambulance,Marysville,-13601019.84,6115984.776
ems,Northwest Ambulance,Mountlake Terrace,-13616602.34,6073453.987
ems,Northwest Ambulance,Bothell,-13602844.36,6067405.703
ems,Northwest Ambulance,Everett,-13606463.36,6086979.011
ems,Northwest Ambulance,Everett,-13606397.68,6093521.107
ems,Northwest Ambulance,Mount Vernon,-13618371.21,6174220.483
ems,Falck Northwest,Mountlake Terrace,-13616565.6,6073904.755
ems,Spokane Valley Fire Department,Spokane,-13059938.09,6049965.504
ems,Spokane Valley Fire Department,Spokane,-13055510.92,6054683.549
ems,Spokane Valley Fire Department,Spokane,-13053963.58,6050076.234
ems,Spokane Valley Fire Department,Spokane,-13052114.56,6054142.843
ems,Spokane Valley Fire Department,Spokane,-13051969.85,6053339.288
ems,Spokane Valley Fire Department,Spokane,-13051283,6045230.215
ems,Spokane Valley Fire Department,Veradale,-13048612.45,6048213.838
ems,Spokane Valley Fire Department,Spokane,-13043573.02,6050064.665
ems,Spokane Valley Fire Department,Spokane,-13036699.04,6053357.475
ems,Spokane Valley Fire Department,Otis Orchards,-13036053.38,6057119.626
ems,Fairfield Ambulance,Fairfiled,-13042486.54,6004482.936
ems,Spokane County FD #3,Cheney,-13111160.65,6013552.772
ems,Spokane County FD #3,Cheney,-13105071.47,6028518.856
ems,Spokane County FD #3,Cheney,-13101912.33,5996600.188
ems,Spokane County FD #3,Cheney,-13090900.5,6020337.506
ems,Spokane County FD #3,Cheney,-13090034.43,6035231.199
ems,Spokane County FD #3,Spokane,-13079737.38,6037914.296
ems,Spokane County FD #3,Cheney,-13077523.23,6021516.857
ems,Spokane County FD #3,Spokane,-13073224.08,6032466.633
ems,Spokane County FD #3,Spangle,-13066837.68,6012376.151
ems,Spokane County FD #4,Deer Park,-13076948.83,6099114.064
ems,Spokane County FD #4,Deer Park,-13074992.94,6085984.848
ems,Spokane County FD #4,Colbert,-13070606.95,6078965.915
ems,Spokane County FD #4,Chattaroy,-13064890.7,6088640.63
ems,Spokane County FD #4,Chattaroy,-13064145.97,6101948.488
ems,Spokane County FD #4,Mead,-13063193.08,6075983.234
ems,Spokane County FD #4,Chattaroy,-13055193.66,6091614.419
ems,Spokane County FD #4,Elk,-13055171.39,6110107.875
ems,Spokane County FD #4,Colbert,-13055158.04,6078231.34
ems,Spokane County FD #4,Mead,-13048149.36,6076686.118
ems,Spokane County FD #5,Nine Mile Falls,-13101234.29,6074153.35
ems,Spokane County FD #5,Nine Mile Falls,-13096508.77,6070377.131
ems,Spokane County FD #8,Spokane,-13063449.11,6040195.419
ems,Spokane County FD #8,Spokane,-13052172.45,6042713.276
ems,Spokane County FD #8,Valleyford,-13051344.23,6029600.395
ems,Spokane County FD #8,Greenacres,-13042271.69,6044809.023
ems,Spokane County FD #9,Nine Mile Falls,-13093568.83,6074267.707
ems,Spokane County FD #9,Nine Mile Falls,-13085689.63,6070095.514
ems,Spokane County FD #9,Spokane,-13075048.6,6063274.902
ems,Spokane County FD #9,Spokane,-13071225.89,6068566.657
ems,Spokane County FD #9,Spokane,-13070789.52,6063648.993
ems,Spokane County FD #9,Spokane,-13065248.03,6060036.216
ems,Spokane County FD #9,Mead,-13063901.07,6069297.095
ems,Spokane County FD #9,Spokane,-13057148.43,6060651.754
ems,Spokane County FD #9,Spokane,-13046923.73,6066824.457
ems,Spokane County FD #10,Medical Lake,-13101151.91,6047609.1
ems,Spokane County FD #10,Spokane,-13096289.47,6059554.737
ems,Spokane County FD #10,Airway Heights,-13088550.54,6048322.894
ems,Spokane County FD #10,Spokane,-13085622.84,6052406.861
ems,Spokane County FD #10,Spokane,-13078816.77,6045895.907
ems,Spokane County FD #11,Rockford,-13039254.93,6016268.662
ems,Spokane County FD #12,Waverly,-13049716.74,5998269.149
ems,Spokane County FD #12,Latah,-13041659.43,5987799.106
ems,Newman Lake Fire and Rescue,Newman Lake,-13037773.27,6074430.128
ems,Newman Lake Fire and Rescue,Newman Lake,-13032026.96,6064092.627
ems,Airway Heights Fire Department,Airway Heights,-13090452.99,6047903.203
ems,Cheney Fire Department,Cheney,-13088562.79,6022368.527
ems,City of Medical Lake,Medical Lake,-13100397.16,6036038.021
ems,City of Spokane,Spokane,-13082062.84,6047224.139
ems,City of Spokane,Spokane,-13078324.73,6063185.52
ems,City of Spokane,Spokane,-13077374.07,6058295.738
ems,City of Spokane,Spokane,-13073098.28,6052912.74
ems,City of Spokane,Spokane,-13072611.82,6049876.259
ems,City of Spokane,Spokane,-13072038.52,6057255.259
ems,City of Spokane,Spokane,-13070834.05,6047042.404
ems,City of Spokane,Spokane,-13070320.86,6050198.535
ems,City of Spokane,Spokane,-13069797.66,6061896.201
ems,City of Spokane,Spokane,-13068321.57,6054405.751
ems,City of Spokane,Spokane,-13067842.89,6044713.225
ems,City of Spokane,Spokane,-13066942.32,6049897.744
ems,City of Spokane,Spokane,-13066453.62,6057141.129
ems,City of Spokane,Spokane,-13064749.32,6046979.623
ems,City of Spokane,Spokane,-13063819.81,6052598.629
ems,Spokane International Airport FD,Spokane,-13084177.91,6044747.91
ems,American Medical Response,Spokane,-13071814.77,6051947.298
ems,Deer Park Ambulance,Deer Park,-13077192.62,6099381.674
ems,Stevens County FD #1,Ford,-13113951.42,6091748.936
ems,Stevens County FD #1,Springdale,-13107042.94,6116002.263
ems,Stevens County FD #1,Nine Mile Falls,-13095751.8,6083532.299
ems,Stevens County FD #1,Loon Lake,-13094896.87,6117308.883
ems,Stevens County FD #1,Loon Lake,-13094883.83,6117275.737
ems,Stevens County FD #1,Nine Mile Falls,-13088745.35,6076168.896
ems,Stevens County FD #1,Deer Park,-13087018.79,6089982.111
ems,Stevens County FD #1,Clayton,-13085867.74,6105946.533
ems,Stevens County FD #4,Valley,-13112448.61,6139552.804
ems,Stevens County FD #4,Valley,-13104779.81,6132900.425
ems,Stevens County FD #4,Chewelah,-13103683.31,6153132.359
ems,Stevens County FD #4,Chewelah,-13102169.37,6162799.098
ems,Stevens County FD #4,Valley,-13108701.6,6137627.506
ems,Stevens County FD #4,Chewelah,-13105592.44,6158011.222
ems,Stevens County FD #5,Colville,-13129758.79,6186233.116
ems,Stevens County FD #5,Addy,-13117550.38,6166624.632
ems,Stevens County FD #7,Colville,-13122577.57,6183850.722
ems,Stevens County FD #7,Colville,-13121491.09,6183723.142
ems,Joint Fire Protection District #3 & #8,Orient,-13158481.34,6252248.151
ems,Joint Fire Protection District #3 & #8,Orient,-13158473.66,6252254.751
ems,Joint Fire Protection District #3 & #8,Kettle Falls,-13152761.85,6204153.48
ems,Joint Fire Protection District #3 & #8,Kettle Falls,-13151466.09,6235985.739
ems,Stevens County FD #12,Rice,-13153772.63,6178537.645
ems,Stevens County FD #12,Gifford,-13150970.72,6158665.63
ems,Northport Fire Department 1st Response,Northport,-13111318.72,6260835.485
ems,Stevens County Sheriff's Ambulance,Colville,-13125809.18,6198673.015
ems,Chewalah Rural Ambulance,Chewelah,-13104390.19,6152893.172
ems,Spokane Tribal Emergency Response,Wellpinit,-13134564.45,6088172.489
ems,West Thurston Fire,Rochester,-13703571.81,5905997.532
ems,West Thurston Fire,Rochester,-13703018.55,5912776.985
ems,West Thurston Fire,Rochester,-13695911.91,5912110.027
ems,West Thurston Fire,Olympia,-13691260.98,5930707.93
ems,West Thurston Fire,Olympia,-13686702.45,5925085.793
ems,West Thurston Fire,Olympia,-13685533.6,5929033.947
ems,SE Thurston Fire Authority,Yelm,-13649169.97,5931681.172
ems,Lacey FD #3,Lacey,-13671803.45,5948017.504
ems,Lacey FD #3,Olympia,-13669516.95,5943024.096
ems,Lacey FD #3,Olympia,-13665650.82,5949670.629
ems,Lacey FD #3,Olympia,-13665183.39,5956344.797
ems,Lacey FD #3,Yelm,-13659872.56,5940766.408
ems,Lacey FD #3,Yelm,-13649169.97,5931681.172
ems,McLane Black Lake Fire Department,Olympia,-13707525.87,5950312.688
ems,McLane Black Lake Fire Department,Olympia,-13690766.72,5941143.737
ems,McLane Black Lake Fire Department,Olympia,-13688339.96,5943138.367
ems,Thurston County FD #6,Tenino,-13676511.37,5933828.393
ems,Thurston County FD #6,Olympia,-13674181.23,5937053.071
ems,Thurston County FD #6,Tenino,-13671450.57,5928610.205
ems,Thurston County FD #6,Olympia,-13666431.17,5937475.592
ems,Thurston County FD #8,Olympia,-13675165.3,5955705.89
ems,Thurston County FD #12,Tenino,-13683134.66,5915585.273
ems,Thurston County FD #12,Centrailia,-13683009.98,5906082.06
ems,Thurston County FD #12,Tenino,-13675766.42,5918777.012
ems,Thurston County FD #13,Olympia,-13694145.27,5955967.463
ems,Thurston County FD #13,Olympia,-13686297.25,5966553.067
ems,Thurston County FD #17,Yelm,-13641723.81,5915051.531
ems,Thurston County FD #17,Yelm,-13635258.37,5917712.427
ems,City of Olympia Fire Department,Olympia,-13684827.83,5949981.033
ems,City of Olympia Fire Department,Olympia,-13679815.11,5949626.52
ems,City of Olympia Fire Department,Olympia,-13675119.66,5949464.788
ems,City of Olympia Fire Department,Olympia,-13677351.61,5946745.204
ems,City of Tumwater Fire Department,Rochester,-13695911.91,5912110.027
ems,City of Tumwater Fire Department,Tumwater,-13682199.58,5939630.93
ems,American Medical Response,Olympia,-13679719.38,5948267.413
ems,Olympic Ambulance,Lacey,-13672051.69,5948079.572
ems,Wahkiakum County FD #3,Rosburg,-13767843.23,5832341.132
ems,Wahkiakum County FD #3,Grays River,-13760489.46,5837250.908
ems,Cathlamet Fire Department,Cathlamet,-13735278.94,5813205.397
ems,Walla Walla County FD #1,Prescott,-13189839.03,5827002.334
ems,Walla Walla County FD #1,Prescott,-13173261.34,5859606.006
ems,Walla Walla County FD #3,Prescott,-13216025.83,5830822.799
ems,Walla Walla County FD #4,Walla Walla,-13171888.77,5787385.415
ems,Walla Walla County FD #5,Burbank,-13247559.3,5812068.284
ems,Walla Walla County FD #5,Burbank,-13246096.57,5814286.352
ems,Walla Walla County FD #6,Touchet,-13210263.93,5785958.166
ems,Walla Walla County FD #7,Prescott,-13170709.89,5828387.887
ems,College Place Fire Department,College Place,-13178907.46,5787183.341
ems,City of Walla Walla Fire Department,Walla Walla,-13174798.66,5789833.121
ems,City of Walla Walla Fire Department,Walla Walla,-13169473.13,5792252.62
ems,Waitsburg Ambulance,Waitsburg,-13151725.47,5823798.673
ems,Whatcom County FD #1,Everson,-13619133.75,6261282.707
ems,Whatcom County FD #1,Everson,-13612949.95,6248766.024
ems,Whatcom County FD #5,Point Roberts,-13697202.1,6272947.631
ems,Whatcom County FD #7,Ferndale,-13659035.1,6255270.9
ems,Whatcom County FD #7,Ferndale,-13649653.1,6251496.651
ems,Whatcom County FD #7,Ferndale,-13645832.61,6256544.031
ems,Whatcom County FD #7,Bellingham,-13641085.95,6247047.568
ems,Whatcom County FD #8,Bellingham,-13639016.52,6235840.485
ems,Whatcom County FD #11,Lummi Island,-13657642.5,6226465.028
ems,Whatcom County FD #14,Sumas,-13610371.79,6274216.638
ems,Whatcom County FD #14,Deming,-13598298.08,6247316.477
ems,Whatcom County FD #14,Maple Falls,-13596493.59,6260869.364
ems,Whatcom County FD #16,Deming,-13603537.88,6226848.014
ems,Whatcom County FD #17,Ferndale,-13659953.49,6240829.534
ems,Whatcom County FD #17,Ferndale,-13657508.91,6241816.541
ems,Whatcom County FD #18,Sedro Woolley,-13618884.06,6210261.512
ems,Whatcom County FD #18,Sedro Woolley,-13617163.39,6216877.464
ems,Glacier Fire and Rescue,Deming,-13575066.81,6256093.673
ems,South Whatcom Fire Authority,Bellingham,-13634895.47,6218380.812
ems,South Whatcom Fire Authority,Bellingham,-13626348.36,6222799.702
ems,South Whatcom Fire Authority,Bellingham,-13625812.91,6231853.721
ems,South Whatcom Fire Authority,Bellingham,-13617948.19,6226790.649
ems,North Whatcom Fire and Rescue,Blaine,-13669137.35,6269682.679
ems,North Whatcom Fire and Rescue,Blaine,-13662309.01,6263873.334
ems,North Whatcom Fire and Rescue,Blaine,-13661716.79,6272007.874
ems,North Whatcom Fire and Rescue,Blaine,-13655101.07,6269940.437
ems,North Whatcom Fire and Rescue,Ferndale,-13644887.51,6264210.563
ems,North Whatcom Fire and Rescue,Bellingham,-13634896.59,6251095.631
ems,North Whatcom Fire and Rescue,Lynden,-13631850.88,6259527.834
ems,North Whatcom Fire and Rescue,Bellingham,-13627081.96,6239369.515
ems,North Whatcom Fire and Rescue,Lynden,-13626251.51,6268655.116
ems,North Whatcom Fire and Rescue,Bellingham,-13621635.09,6246809.109
ems,North Whatcom Fire and Rescue,Bellingham,-13620403.9,6233455.969
ems,Whatcom Medic One,Ferndale,-13645832.61,6256544.031
ems,Whatcom Medic One,Bellingham,-13636369.34,6227440.241
ems,Whatcom Medic One,Bellingham,-13636339.29,6237058.333
ems,Whatcom Medic One,Bellingham,-13635238.34,6234225.966
ems,Whatcom Medic One,Bellingham,-13634164.1,6238972.447
ems,Whatcom Medic One,Bellingham,-13633942.13,6231535.503
ems,Whatcom Medic One,Bellingham,-13630566.26,6246709.33
ems,Whatcom Medic One,Bellingham,-13630163.28,6234369.504
ems,Lynden Fire Department,Lynden,-13631441.23,6265496.904
ems,Newhalem - Diablo Fire Brigade,Rockport,-13497171,6219606.272
ems,Cascade Ambulance,Ferndale,-13643735.35,6244129.021
ems,Saint John FD #2,St John,-13089035.9,5957057.982
ems,Palouse EMS,Palouse,-13033245.91,5927544.584
ems,Whitman County FD #5,Lamont,-13125285.98,5974957.431
ems,Whitman County FD #6,Endicott,-13100606.44,5930272.696
ems,Whitman County FD #7,Rosalia,-13065597.58,5980439.711
ems,Steptoe Fire Department,Steptoe,-13064011.27,5943053.48
ems,Whitman County FD #12,Pullman,-13045703.67,5898250.441
ems,Whitman County FD #12,Colton,-13037442.65,5874159.329
ems,Whitman County FD #12,Pullman,-13036749.13,5905994.281
ems,Whitman County FD #14,Colton,-13038504.64,5872199.788
ems,Whitman County FD #14,Uniontown,-13034091.94,5867170.143
ems,Whitman County FD #8,Lacrosse,-13122284.8,5912038.455
ems,Malden Fire and EMS,Malden,-13077056.81,5979515.102
ems,Whitman County FD #10,Oakesdale,-13051408.8,5962957.655
ems,Pullman Fire Department,Pullman,-13045043.55,5897323.135
ems,Pullman Fire Department,Pullman,-13043617.54,5901417.991
ems,Colfax Fire Department,Colfax,-13064825.02,5923136.001
ems,Pullman-Moscow Regional Airport FD,Pullman,-13037244.5,5900522.839
ems,Garfield-Farmington EMS,Garfield,-13040107.64,5943375.076
ems,Garfield-Farmington EMS,Farmington,-13029892.96,5956657.401
ems,Tekoa Community Ambulance,Tekoa,-13032589.12,5979199.544
ems,Volunterr Firemen Inc,Colfax,-13064825.02,5923136.001
ems,Volunterr Firemen Inc,Colfax,-13064536.7,5921655.622
ems,Yakima County FD #1,Tieton,-13442080.1,5893532.104
ems,Yakima County FD #1,Cowiche,-13437505.98,5888566.469
ems,Selah Fire Department,Selah,-13416292.94,5895267.494
ems,Selah Fire Department,Yakima,-13412411.22,5890060.732
ems,Naches Fire Department,Naches,-13436413.93,5898214.711
ems,Yakima County FD #4,Yakima,-13408055.29,5878233.658
ems,Yakima County FD #4,Yakima,-13403137.2,5872520.411
ems,Yakima County FD #4,Moxee,-13401275.94,5869874.818
ems,Yakima County FD #5,White Swan,-13439631.07,5842094.029
ems,Yakima County FD #5,Harrah,-13418864.42,5845218.787
ems,Yakima County FD #5,Wapato,-13406070.47,5852203.466
ems,Yakima County FD #5,Wapato,-13397133.74,5852801.256
ems,Yakima County FD #5,Granger,-13379925.97,5834628.796
ems,Yakima County FD #5,Mabton,-13358225.35,5814583.96
ems,Yakima County FD #6,Yakima,-13426724.68,5886284.194
ems,Yakima County FD #6,Yakima,-13424516.11,5884057.642
ems,Naches Heights Fire Department,Yakima,-13430827.92,5885197.605
ems,West Valley Fire Department,Yakima,-13454836.2,5866610.213
ems,West Valley Fire Department,Yakima,-13437217.66,5875963.788
ems,West Valley Fire Department,Yakima,-13429885.05,5872784.366
ems,West Valley Fire Department,Yakima,-13428445.68,5870206.688
ems,Nile-Cliffdell Fire Department,Naches,-13460392.15,5910642.899
ems,Nile-Cliffdell Fire Department,Naches,-13466047.18,5920882.147
ems,Grandview Fire Department,Grandview,-13347635.53,5821372.138
ems,City of Granger Fire Department,Granger,-13379925.97,5834628.796
ems,Mabton Fire Department,Mabton,-13358225.35,5814583.96
ems,City of Sunnyside Fire Department,Sunnyside,-13359499.96,5832305.669
ems,Toppenish Fire Department,Toppenish,-13393604.91,5840425.578
ems,Wapato Fire Department,Wapato,-13406070.47,5852203.466
ems,Yakima Fire Department,Yakima,-13426430.8,5875949.209
ems,Yakima Fire Department,Yakima,-13420792.47,5878092.685
ems,Yakima Fire Department,Yakima,-13418595.02,5872369.814
ems,Yakima Fire Department,Yakima,-13415080.67,5878206.111
ems,Yakima Fire Department,Yakima,-13412897.69,5874701.924
ems,Zillah City Fire,Zillah,-13387161.74,5844868.488
ems,White Swan Ambulance,White Swan,-13440116.86,5841397.404
ems,American Medical Response,Yakima,-13415000.52,5876572.918
ems,American Medical Response,Union Gap,-13411214.54,5868523.186
ems,American Medical Response,Toppenish,-13393675.04,5840104.51
ems,Advance Life Systems,Yakima,-13418215.42,5872041.101
ems,Lewiston Fire Department,Clarkston,-13033612.15,5843974.239
ems,Lewiston Fire Department,Lewiston,-13026148.18,5847412.913
ems,Lewiston Fire Department,Lewiston,-13025355.58,5840949.96
ems,Lewiston Fire Department,Lewiston,-13018817.79,5840393.309
